0,	23.32,	10652,	16947,	15897,	32844
1,	23.25,	10682,	17002,	15904,	32906
2,	23.20,	10700,	17022,	15895,	32917
3,	23.20,	10700,	17013,	15888,	32901
4,	23.18,	10707,	17012,	15876,	32888
5,	23.22,	10691,	17007,	15895,	32902
6,	23.23,	10688,	17004,	15896,	32900
7,	23.23,	10688,	17006,	15899,	32905
8,	23.25,	10680,	17007,	15911,	32918
9,	23.22,	10693,	17007,	15892,	32899
10,	23.21,	10695,	17001,	15884,	32885
11,	23.24,	10684,	17003,	15901,	32904
12,	23.19,	10706,	17026,	15891,	32917
13,	23.22,	10693,	17014,	15898,	32912
14,	23.25,	10680,	16993,	15899,	32892
15,	23.28,	10667,	16983,	15908,	32891
16,	23.35,	10642,	16963,	15927,	32890
17,	23.41,	10616,	16956,	15960,	32916
18,	23.47,	10591,	16930,	15973,	32903
19,	23.49,	10586,	16930,	15980,	32910
20,	23.57,	10554,	16906,	16006,	32912
21,	23.61,	10535,	16884,	16014,	32898
22,	23.70,	10500,	16858,	16043,	32901
23,	23.74,	10486,	16858,	16064,	32922
24,	23.81,	10457,	16828,	16080,	32908
25,	23.88,	10431,	16809,	16101,	32910
26,	23.92,	10415,	16792,	16110,	32902
27,	23.96,	10399,	16778,	16121,	32899
28,	24.06,	10358,	16740,	16148,	32888
29,	24.12,	10337,	16726,	16167,	32893
30,	24.21,	10300,	16701,	16201,	32902
31,	24.28,	10274,	16681,	16223,	32904
32,	24.37,	10238,	16651,	16251,	32902
33,	24.42,	10221,	16638,	16266,	32904
34,	24.54,	10175,	16599,	16300,	32899
35,	24.59,	10156,	16579,	16312,	32891
36,	24.66,	10127,	16557,	16336,	32893
37,	24.72,	10105,	16533,	16348,	32881
38,	24.73,	10103,	16519,	16337,	32856
39,	24.78,	10081,	16506,	16360,	32866
40,	24.86,	10054,	16471,	16370,	32841
41,	24.89,	10043,	16474,	16391,	32865
42,	24.89,	10041,	16468,	16388,	32856
43,	24.98,	10009,	16446,	16418,	32864
44,	24.98,	10008,	16422,	16396,	32818
45,	25.00,	9999,	16417,	16406,	32823
46,	25.05,	9982,	16406,	16423,	32829
47,	25.12,	9954,	16389,	16452,	32841
48,	25.12,	9957,	16392,	16449,	32841
49,	25.20,	9924,	16382,	16495,	32877
50,	25.26,	9903,	16365,	16512,	32877
51,	25.34,	9874,	16348,	16543,	32891
52,	25.39,	9854,	16333,	16561,	32894
53,	25.42,	9845,	16326,	16569,	32895
54,	25.44,	9837,	16313,	16570,	32883
55,	25.52,	9808,	16309,	16615,	32924
56,	25.51,	9811,	16303,	16603,	32906
57,	25.52,	9807,	16297,	16605,	32902
58,	25.57,	9788,	16280,	16620,	32900
59,	25.63,	9768,	16265,	16638,	32903
60,	25.72,	9736,	16233,	16660,	32893
61,	25.75,	9725,	16224,	16669,	32893
62,	25.85,	9686,	16184,	16695,	32879
63,	25.85,	9686,	16191,	16703,	32894
64,	25.93,	9658,	16158,	16716,	32874
65,	26.01,	9628,	16143,	16754,	32897
66,	26.04,	9618,	16138,	16766,	32904
67,	26.12,	9589,	16106,	16783,	32889
68,	26.17,	9573,	16097,	16801,	32898
69,	26.24,	9547,	16072,	16822,	32894
70,	26.28,	9535,	16060,	16829,	32889
71,	26.37,	9503,	16031,	16856,	32887
72,	26.41,	9489,	16023,	16872,	32895
73,	26.43,	9482,	16017,	16878,	32895
74,	26.52,	9449,	15981,	16899,	32880
75,	26.51,	9452,	15986,	16899,	32885
76,	26.59,	9425,	15961,	16922,	32883
77,	26.59,	9425,	15955,	16915,	32870
78,	26.64,	9408,	15954,	16944,	32898
79,	26.71,	9384,	15936,	16968,	32904
80,	26.74,	9372,	15922,	16976,	32898
81,	26.76,	9366,	15916,	16980,	32896
82,	26.83,	9342,	15892,	16998,	32890
83,	26.87,	9327,	15881,	17013,	32894
84,	26.91,	9314,	15871,	17027,	32898
85,	26.95,	9300,	15865,	17045,	32910
86,	27.01,	9280,	15826,	17041,	32867
87,	27.06,	9263,	15822,	17068,	32890
88,	27.06,	9261,	15818,	17066,	32884
89,	27.12,	9242,	15805,	17088,	32893
90,	27.21,	9211,	15782,	17120,	32902
91,	27.15,	9231,	15790,	17092,	32882
92,	27.15,	9232,	15788,	17087,	32875
93,	27.10,	9248,	15818,	17091,	32909
94,	27.20,	9213,	15782,	17117,	32899
95,	27.25,	9197,	15767,	17129,	32896
96,	27.27,	9188,	15756,	17134,	32890
97,	27.30,	9181,	15743,	17133,	32876
98,	27.34,	9166,	15740,	17158,	32898
99,	27.36,	9158,	15721,	17153,	32874
100,	27.39,	9150,	15722,	17169,	32891
101,	27.43,	9137,	15711,	17181,	32892
102,	27.49,	9115,	15693,	17203,	32896
103,	27.52,	9104,	15683,	17213,	32896
104,	27.68,	9053,	15646,	17269,	32915
105,	27.67,	9056,	15628,	17243,	32871
106,	27.71,	9041,	15621,	17264,	32885
107,	27.68,	9051,	15628,	17253,	32881
108,	27.70,	9044,	15635,	17274,	32909
109,	27.72,	9039,	15627,	17275,	32902
110,	27.76,	9025,	15617,	17290,	32907
111,	27.77,	9020,	15607,	17289,	32896
112,	27.82,	9005,	15581,	17288,	32869
113,	27.88,	8986,	15576,	17319,	32895
114,	27.94,	8966,	15558,	17338,	32896
115,	27.97,	8956,	15546,	17345,	32891
116,	28.05,	8929,	15515,	17363,	32878
117,	28.08,	8920,	15515,	17380,	32895
118,	28.06,	8924,	15514,	17371,	32885
119,	28.08,	8920,	15505,	17368,	32873
120,	28.15,	8897,	15489,	17395,	32884
121,	28.16,	8894,	15493,	17406,	32899
122,	28.29,	8849,	15458,	17455,	32913
123,	28.30,	8848,	15454,	17453,	32907
124,	28.34,	8834,	15452,	17478,	32930
125,	28.39,	8817,	15433,	17489,	32922
126,	28.42,	8807,	15422,	17497,	32919
127,	28.49,	8785,	15402,	17518,	32920
128,	28.54,	8768,	15380,	17527,	32907
129,	28.58,	8755,	15374,	17547,	32921
130,	28.60,	8749,	15338,	17517,	32855
131,	28.70,	8718,	15321,	17560,	32881
132,	28.74,	8706,	15310,	17571,	32881
133,	28.81,	8684,	15296,	17599,	32895
134,	28.82,	8681,	15284,	17593,	32877
135,	28.80,	8685,	15295,	17597,	32892
136,	28.85,	8671,	15269,	17595,	32864
137,	28.90,	8654,	15253,	17612,	32865
138,	28.88,	8659,	15265,	17615,	32880
139,	29.00,	8622,	15232,	17653,	32885
140,	29.04,	8609,	15216,	17661,	32877
141,	29.07,	8599,	15208,	17671,	32879
142,	29.08,	8597,	15205,	17672,	32877
143,	29.16,	8572,	15180,	17694,	32874
144,	29.19,	8563,	15176,	17709,	32885
145,	29.28,	8535,	15147,	17732,	32879
146,	29.28,	8533,	15146,	17736,	32882
147,	29.31,	8526,	15140,	17743,	32883
148,	29.25,	8543,	15157,	17728,	32885
149,	29.19,	8562,	15177,	17712,	32889
150,	29.18,	8567,	15171,	17695,	32866
151,	29.16,	8573,	15184,	17697,	32881
152,	29.20,	8561,	15162,	17696,	32858
153,	29.16,	8573,	15184,	17698,	32882
154,	29.25,	8545,	15156,	17723,	32879
155,	29.26,	8542,	15152,	17725,	32877
156,	29.26,	8541,	15153,	17728,	32881
157,	29.28,	8535,	15145,	17730,	32875
158,	29.29,	8531,	15142,	17736,	32878
159,	29.34,	8517,	15134,	17755,	32889
160,	29.35,	8512,	15129,	17759,	32888
161,	29.39,	8501,	15106,	17755,	32861
162,	29.40,	8498,	15111,	17768,	32879
163,	29.42,	8490,	15108,	17780,	32888
164,	29.52,	8460,	15082,	17814,	32896
165,	29.59,	8438,	15047,	17819,	32866
166,	29.64,	8422,	15034,	17836,	32870
167,	29.67,	8413,	15015,	17833,	32848
168,	29.72,	8398,	15016,	17867,	32883
169,	29.77,	8383,	15003,	17882,	32885
170,	29.77,	8383,	14998,	17877,	32875
171,	29.76,	8386,	15003,	17876,	32879
172,	29.81,	8370,	14987,	17891,	32878
173,	29.80,	8374,	14988,	17883,	32871
174,	29.85,	8358,	14974,	17901,	32875
175,	29.92,	8336,	14958,	17930,	32888
176,	29.93,	8333,	14953,	17929,	32882
177,	29.96,	8325,	14941,	17932,	32873
178,	29.99,	8315,	14922,	17932,	32854
179,	30.01,	8310,	14931,	17953,	32884
180,	30.10,	8283,	14901,	17975,	32876
181,	30.18,	8259,	14879,	18000,	32879
182,	30.28,	8229,	14833,	18010,	32843
183,	30.34,	8212,	14834,	18049,	32883
184,	30.41,	8191,	14801,	18055,	32856
185,	30.46,	8176,	14792,	18077,	32869
186,	30.51,	8160,	14775,	18093,	32868
187,	30.56,	8146,	14764,	18110,	32874
188,	30.60,	8133,	14752,	18123,	32875
189,	30.60,	8133,	14748,	18118,	32866
190,	30.68,	8111,	14723,	18137,	32860
191,	30.69,	8107,	14717,	18138,	32855
192,	30.71,	8100,	14727,	18168,	32895
193,	30.72,	8099,	14710,	18149,	32859
194,	30.74,	8091,	14709,	18165,	32874
195,	30.75,	8090,	14710,	18169,	32879
196,	30.80,	8075,	14689,	18177,	32866
197,	30.75,	8089,	14707,	18168,	32875
198,	30.79,	8076,	14693,	18179,	32872
199,	30.82,	8069,	14681,	18179,	32860
200,	30.79,	8077,	14696,	18181,	32877
201,	30.78,	8081,	14699,	18174,	32873
202,	30.85,	8059,	14674,	18194,	32868
203,	30.85,	8059,	14671,	18189,	32860
204,	30.92,	8040,	14654,	18212,	32866
205,	30.94,	8033,	14647,	18218,	32865
206,	30.96,	8029,	14646,	18226,	32872
207,	30.98,	8023,	14646,	18241,	32887
208,	31.04,	8005,	14613,	18240,	32853
209,	31.08,	7994,	14604,	18254,	32858
210,	31.16,	7971,	14584,	18281,	32865
211,	31.17,	7967,	14578,	18283,	32861
212,	31.17,	7968,	14579,	18283,	32862
213,	31.11,	7985,	14600,	18269,	32869
214,	31.14,	7974,	14577,	18267,	32844
215,	31.10,	7986,	14606,	18275,	32881
216,	31.16,	7971,	14585,	18283,	32868
217,	31.17,	7966,	14581,	18289,	32870
218,	31.19,	7960,	14571,	18290,	32861
219,	31.26,	7941,	14570,	18332,	32902
220,	31.21,	7955,	14566,	18296,	32862
221,	31.18,	7965,	14578,	18289,	32867
222,	31.17,	7966,	14579,	18287,	32866
223,	31.10,	7987,	14598,	18263,	32861
224,	31.11,	7983,	14602,	18277,	32879
225,	31.12,	7980,	14591,	18270,	32861
226,	31.10,	7987,	14594,	18257,	32851
227,	31.21,	7954,	14564,	18295,	32859
228,	31.23,	7950,	14565,	18306,	32871
229,	31.24,	7946,	14558,	18306,	32864
230,	31.23,	7949,	14574,	18320,	32894
231,	31.20,	7957,	14567,	18293,	32860
232,	31.18,	7964,	14580,	18292,	32872
233,	31.18,	7965,	14579,	18289,	32868
234,	31.25,	7943,	14553,	18306,	32859
235,	31.35,	7914,	14522,	18335,	32857
236,	31.45,	7886,	14499,	18370,	32869
237,	31.51,	7869,	14486,	18395,	32881
238,	31.49,	7875,	14494,	18391,	32885
239,	31.52,	7867,	14475,	18384,	32859
240,	31.50,	7872,	14485,	18387,	32872
241,	31.52,	7866,	14481,	18396,	32877
242,	31.51,	7868,	14479,	18388,	32867
243,	31.57,	7853,	14465,	18406,	32871
244,	31.51,	7869,	14477,	18383,	32860
245,	31.51,	7870,	14474,	18376,	32850
246,	31.53,	7865,	14468,	18380,	32848
247,	31.49,	7874,	14487,	18384,	32871
248,	31.48,	7878,	14490,	18378,	32868
249,	31.48,	7878,	14494,	18383,	32877
250,	31.49,	7874,	14484,	18379,	32863
251,	31.56,	7855,	14465,	18400,	32865
252,	31.60,	7845,	14456,	18412,	32868
253,	31.67,	7824,	14437,	18438,	32875
254,	31.65,	7830,	14447,	18435,	32882
255,	31.67,	7823,	14434,	18435,	32869
256,	31.73,	7808,	14420,	18453,	32873
257,	31.74,	7803,	14416,	18459,	32875
258,	31.75,	7801,	14418,	18468,	32886
259,	31.73,	7806,	14426,	18466,	32892
260,	31.73,	7806,	14414,	18451,	32865
261,	31.81,	7784,	14392,	18475,	32867
262,	31.94,	7747,	14342,	18498,	32840
263,	31.94,	7748,	14361,	18520,	32881
264,	31.97,	7739,	14352,	18530,	32882
265,	32.09,	7706,	14313,	18558,	32871
266,	31.95,	7745,	14347,	18510,	32857
267,	31.96,	7741,	14357,	18533,	32890
268,	32.03,	7724,	14339,	18549,	32888
269,	31.97,	7739,	14348,	18524,	32872
270,	31.97,	7739,	14358,	18537,	32895
271,	32.04,	7721,	14333,	18549,	32882
272,	32.14,	7691,	14294,	18571,	32865
273,	32.22,	7670,	14266,	18586,	32852
274,	32.31,	7645,	14245,	18617,	32862
275,	32.35,	7635,	14233,	18626,	32859
276,	32.38,	7627,	14225,	18636,	32861
277,	32.39,	7623,	14222,	18641,	32863
278,	32.33,	7639,	14237,	18623,	32860
279,	32.30,	7649,	14249,	18613,	32862
280,	32.26,	7658,	14251,	18595,	32846
281,	32.25,	7661,	14260,	18599,	32859
282,	32.26,	7659,	14255,	18596,	32851
283,	32.26,	7659,	14266,	18612,	32878
284,	32.23,	7666,	14265,	18594,	32859
285,	32.26,	7658,	14266,	18613,	32879
286,	32.26,	7659,	14262,	18607,	32869
287,	32.27,	7657,	14255,	18603,	32858
288,	32.27,	7657,	14264,	18613,	32877
289,	32.19,	7679,	14279,	18581,	32860
290,	32.22,	7670,	14271,	18591,	32862
291,	32.22,	7671,	14276,	18596,	32872
292,	32.29,	7652,	14264,	18625,	32889
293,	32.41,	7617,	14211,	18641,	32852
294,	32.50,	7593,	14188,	18670,	32858
295,	32.61,	7564,	14165,	18711,	32876
296,	32.69,	7541,	14132,	18726,	32858
297,	32.78,	7516,	14108,	18756,	32864
298,	32.78,	7518,	14103,	18745,	32848
299,	32.71,	7537,	14128,	18729,	32857
300,	32.66,	7549,	14148,	18726,	32874
301,	32.63,	7559,	14149,	18702,	32851
302,	32.63,	7559,	14152,	18708,	32860
303,	32.64,	7556,	14149,	18711,	32860
304,	32.65,	7551,	14147,	18721,	32868
305,	32.69,	7541,	14135,	18728,	32863
306,	32.74,	7528,	14112,	18732,	32844
307,	32.76,	7523,	14126,	18763,	32889
308,	32.80,	7513,	14104,	18759,	32863
309,	32.83,	7504,	14096,	18769,	32865
310,	32.83,	7504,	14093,	18765,	32858
311,	32.87,	7493,	14082,	18779,	32861
312,	32.88,	7490,	14081,	18785,	32866
313,	32.92,	7480,	14068,	18793,	32861
314,	32.94,	7473,	14049,	18785,	32834
315,	32.91,	7481,	14068,	18789,	32857
316,	32.90,	7486,	14070,	18781,	32851
317,	32.93,	7476,	14063,	18797,	32860
318,	32.92,	7479,	14076,	18806,	32882
319,	32.94,	7475,	14060,	18795,	32855
320,	33.01,	7454,	14036,	18816,	32852
321,	32.98,	7464,	14054,	18814,	32868
322,	33.00,	7458,	14048,	18820,	32868
323,	33.04,	7446,	14032,	18830,	32862
324,	33.11,	7428,	14008,	18843,	32851
325,	33.11,	7429,	14020,	18857,	32877
326,	33.08,	7436,	14027,	18849,	32876
327,	33.11,	7428,	14017,	18855,	32872
328,	33.14,	7420,	14007,	18862,	32869
329,	33.15,	7417,	13999,	18858,	32857
330,	33.15,	7419,	13997,	18851,	32848
331,	33.11,	7428,	14012,	18848,	32860
332,	33.14,	7420,	13998,	18850,	32848
333,	33.14,	7420,	13998,	18850,	32848
334,	33.17,	7413,	13997,	18867,	32864
335,	33.23,	7396,	13983,	18890,	32873
336,	33.27,	7385,	13961,	18889,	32850
337,	33.30,	7379,	13962,	18905,	32867
338,	33.30,	7378,	13956,	18901,	32857
339,	33.28,	7384,	13971,	18905,	32876
340,	33.30,	7379,	13962,	18905,	32867
341,	33.29,	7382,	13962,	18899,	32861
342,	33.38,	7358,	13938,	18928,	32866
343,	33.44,	7341,	13918,	18944,	32862
344,	33.46,	7336,	13907,	18941,	32848
345,	33.53,	7318,	13890,	18965,	32855
346,	33.48,	7331,	13906,	18954,	32860
347,	33.51,	7323,	13893,	18956,	32849
348,	33.51,	7322,	13897,	18965,	32862
349,	33.54,	7316,	13888,	18969,	32857
350,	33.56,	7311,	13888,	18980,	32868
351,	33.59,	7301,	13864,	18973,	32837
352,	33.56,	7310,	13870,	18960,	32830
353,	33.48,	7332,	13901,	18943,	32844
354,	33.37,	7360,	13943,	18930,	32873
355,	33.29,	7380,	13958,	18898,	32856
356,	33.26,	7390,	13969,	18887,	32856
357,	33.27,	7386,	13963,	18889,	32852
358,	33.31,	7375,	13955,	18906,	32861
359,	33.29,	7382,	13955,	18889,	32844
360,	33.21,	7403,	13980,	18869,	32849
361,	33.25,	7391,	13964,	18878,	32842
362,	33.22,	7400,	13975,	18871,	32846
363,	33.30,	7377,	13955,	18902,	32857
364,	33.33,	7369,	13950,	18916,	32866
365,	33.42,	7346,	13920,	18933,	32853
366,	33.46,	7335,	13896,	18930,	32826
367,	33.48,	7332,	13906,	18951,	32857
368,	33.58,	7304,	13869,	18974,	32843
369,	33.61,	7298,	13873,	18993,	32866
370,	33.68,	7278,	13848,	19012,	32860
371,	33.71,	7271,	13831,	19006,	32837
372,	33.75,	7261,	13819,	19016,	32835
373,	33.81,	7244,	13806,	19044,	32850
374,	33.81,	7244,	13805,	19042,	32847
375,	33.79,	7250,	13812,	19037,	32849
376,	33.81,	7244,	13804,	19041,	32845
377,	33.81,	7244,	13809,	19048,	32857
378,	33.82,	7242,	13806,	19049,	32855
379,	33.76,	7257,	13820,	19028,	32848
380,	33.77,	7254,	13819,	19036,	32855
381,	33.74,	7262,	13825,	19022,	32847
382,	33.70,	7273,	13843,	19018,	32861
383,	33.66,	7284,	13853,	19004,	32857
384,	33.67,	7280,	13846,	19005,	32851
385,	33.72,	7269,	13838,	19023,	32861
386,	33.79,	7249,	13809,	19034,	32843
387,	33.84,	7236,	13798,	19053,	32851
388,	33.84,	7238,	13806,	19059,	32865
389,	33.90,	7221,	13780,	19068,	32848
390,	33.92,	7217,	13780,	19079,	32859
391,	33.90,	7222,	13786,	19074,	32860
392,	33.92,	7217,	13777,	19074,	32851
393,	33.98,	7200,	13749,	19081,	32830
394,	33.95,	7208,	13764,	19081,	32845
395,	33.97,	7203,	13764,	19094,	32858
396,	33.96,	7206,	13771,	19094,	32865
397,	33.95,	7208,	13770,	19089,	32859
398,	33.86,	7231,	13801,	19071,	32872
399,	33.89,	7225,	13790,	19070,	32860
400,	33.85,	7235,	13798,	19056,	32854
401,	33.74,	7263,	13829,	19026,	32855
402,	33.68,	7278,	13851,	19016,	32867
403,	33.64,	7288,	13857,	18998,	32855
404,	33.72,	7268,	13843,	19030,	32873
405,	33.75,	7259,	13828,	19035,	32863
406,	33.78,	7253,	13813,	19029,	32842
407,	33.85,	7235,	13806,	19066,	32872
408,	33.86,	7232,	13799,	19064,	32863
409,	33.91,	7218,	13781,	19077,	32858
410,	33.91,	7218,	13781,	19077,	32858
411,	33.97,	7204,	13767,	19095,	32862
412,	34.02,	7190,	13750,	19109,	32859
413,	34.10,	7171,	13727,	19127,	32854
414,	34.14,	7159,	13714,	19141,	32855
415,	34.13,	7163,	13716,	19134,	32850
416,	34.22,	7139,	13692,	19164,	32856
417,	34.24,	7135,	13685,	19166,	32851
418,	34.28,	7124,	13679,	19185,	32864
419,	34.25,	7131,	13676,	19163,	32839
420,	34.26,	7130,	13685,	19179,	32864
421,	34.32,	7115,	13659,	19181,	32840
422,	34.28,	7123,	13670,	19176,	32846
423,	34.26,	7129,	13688,	19185,	32873
424,	34.34,	7110,	13652,	19187,	32839
425,	34.32,	7114,	13657,	19181,	32838
426,	34.37,	7102,	13640,	19190,	32830
427,	34.37,	7101,	13654,	19213,	32867
428,	34.36,	7103,	13648,	19200,	32848
429,	34.35,	7107,	13658,	19201,	32859
430,	34.32,	7113,	13667,	19198,	32865
431,	34.31,	7117,	13671,	19193,	32864
432,	34.28,	7124,	13684,	19192,	32876
433,	34.32,	7113,	13665,	19197,	32862
434,	34.35,	7107,	13657,	19200,	32857
435,	34.37,	7102,	13638,	19187,	32825
436,	34.45,	7080,	13623,	19226,	32849
437,	34.40,	7095,	13643,	19215,	32858
438,	34.41,	7091,	13635,	19213,	32848
439,	34.44,	7084,	13628,	19221,	32849
440,	34.43,	7085,	13627,	19218,	32845
441,	34.42,	7090,	13631,	19211,	32842
442,	34.42,	7089,	13636,	19219,	32855
443,	34.40,	7094,	13650,	19225,	32875
444,	34.33,	7112,	13659,	19189,	32848
445,	34.31,	7116,	13663,	19185,	32848
446,	34.24,	7135,	13688,	19170,	32858
447,	34.15,	7157,	13715,	19148,	32863
448,	34.16,	7154,	13712,	19152,	32864
449,	34.23,	7138,	13692,	19167,	32859
450,	34.25,	7132,	13683,	19169,	32852
451,	34.19,	7147,	13704,	19160,	32864
452,	34.09,	7172,	13734,	19135,	32869
453,	34.02,	7191,	13761,	19122,	32883
454,	33.98,	7201,	13761,	19095,	32856
455,	33.97,	7203,	13768,	19100,	32868
456,	33.89,	7225,	13790,	19071,	32861
457,	33.86,	7231,	13794,	19062,	32856
458,	33.84,	7237,	13797,	19049,	32846
459,	33.82,	7242,	13807,	19051,	32858
460,	33.75,	7260,	13829,	19034,	32863
461,	33.72,	7268,	13841,	19029,	32870
462,	33.77,	7255,	13817,	19029,	32846
463,	33.80,	7247,	13809,	19040,	32849
464,	33.81,	7245,	13820,	19060,	32880
465,	33.85,	7235,	13799,	19057,	32856
466,	33.91,	7218,	13779,	19074,	32853
467,	33.97,	7204,	13767,	19096,	32863
468,	34.04,	7186,	13745,	19112,	32857
469,	34.07,	7177,	13740,	19129,	32869
470,	34.13,	7163,	13720,	19139,	32859
471,	34.19,	7146,	13698,	19153,	32851
472,	34.18,	7149,	13697,	19143,	32840
473,	34.16,	7154,	13714,	19154,	32868
474,	34.16,	7154,	13708,	19147,	32855
475,	34.14,	7160,	13718,	19144,	32862
476,	34.12,	7165,	13715,	19127,	32842
477,	34.12,	7165,	13720,	19133,	32853
478,	34.11,	7167,	13727,	19137,	32864
479,	34.12,	7164,	13714,	19127,	32841
480,	34.12,	7165,	13717,	19130,	32847
481,	34.18,	7150,	13704,	19150,	32854
482,	34.23,	7136,	13687,	19164,	32851
483,	34.15,	7157,	13710,	19141,	32851
484,	34.08,	7176,	13732,	19120,	32852
485,	33.97,	7204,	13755,	19079,	32834
486,	33.97,	7204,	13765,	19092,	32857
487,	34.02,	7191,	13744,	19097,	32841
488,	34.02,	7191,	13742,	19096,	32838
489,	34.00,	7195,	13754,	19101,	32855
490,	34.00,	7197,	13766,	19111,	32877
491,	33.95,	7209,	13763,	19076,	32839
492,	33.96,	7206,	13765,	19087,	32852
493,	33.94,	7210,	13770,	19083,	32853
494,	34.02,	7190,	13742,	19098,	32840
495,	34.09,	7173,	13719,	19111,	32830
496,	34.17,	7151,	13700,	19144,	32844
497,	34.16,	7154,	13705,	19141,	32846
498,	34.12,	7166,	13728,	19143,	32871
499,	34.06,	7181,	13739,	19117,	32856
500,	34.06,	7180,	13739,	19120,	32859
501,	34.07,	7179,	13729,	19108,	32837
502,	34.04,	7186,	13740,	19104,	32844
503,	33.98,	7202,	13764,	19096,	32860
504,	33.99,	7198,	13757,	19097,	32854
505,	33.99,	7198,	13760,	19101,	32861
506,	34.00,	7197,	13752,	19092,	32844
507,	33.96,	7205,	13761,	19084,	32845
508,	34.03,	7189,	13747,	19108,	32855
509,	34.08,	7174,	13733,	19128,	32861
510,	34.26,	7129,	13681,	19174,	32855
511,	34.39,	7096,	13642,	19210,	32852
512,	34.51,	7067,	13615,	19251,	32866
513,	34.56,	7054,	13585,	19244,	32829
514,	34.63,	7037,	13584,	19287,	32871
515,	34.77,	7000,	13525,	19305,	32830
516,	34.67,	7027,	13564,	19288,	32852
517,	34.62,	7039,	13575,	19270,	32845
518,	34.63,	7037,	13577,	19279,	32856
519,	34.63,	7037,	13571,	19269,	32840
520,	34.64,	7033,	13568,	19276,	32844
521,	34.59,	7047,	13589,	19267,	32856
522,	34.59,	7047,	13592,	19272,	32864
523,	34.53,	7062,	13606,	19252,	32858
524,	34.49,	7071,	13626,	19254,	32880
525,	34.58,	7048,	13583,	19256,	32839
526,	34.60,	7044,	13591,	19278,	32869
527,	34.70,	7019,	13564,	19308,	32872
528,	34.65,	7030,	13574,	19292,	32866
529,	34.73,	7012,	13545,	19302,	32847
530,	34.66,	7028,	13569,	19291,	32860
531,	34.62,	7039,	13572,	19265,	32837
532,	34.61,	7042,	13581,	19271,	32852
533,	34.58,	7048,	13584,	19259,	32843
534,	34.57,	7052,	13596,	19264,	32860
535,	34.53,	7060,	13604,	19254,	32858
536,	34.48,	7073,	13616,	19235,	32851
537,	34.47,	7076,	13619,	19230,	32849
538,	34.48,	7074,	13614,	19230,	32844
539,	34.57,	7052,	13580,	19241,	32821
540,	34.60,	7043,	13577,	19262,	32839
541,	34.62,	7038,	13580,	19279,	32859
542,	34.63,	7036,	13573,	19274,	32847
543,	34.72,	7014,	13538,	19286,	32824
544,	34.68,	7024,	13562,	19292,	32854
545,	34.66,	7029,	13566,	19284,	32850
546,	34.69,	7022,	13554,	19288,	32842
547,	34.71,	7015,	13546,	19294,	32840
548,	34.72,	7014,	13552,	19307,	32859
549,	34.72,	7014,	13549,	19302,	32851
550,	34.75,	7006,	13543,	19315,	32858
551,	34.77,	7001,	13529,	19309,	32838
552,	34.81,	6992,	13519,	19320,	32839
553,	34.82,	6989,	13515,	19322,	32837
554,	34.73,	7010,	13544,	19305,	32849
555,	34.71,	7016,	13552,	19301,	32853
556,	34.64,	7033,	13569,	19277,	32846
557,	34.63,	7036,	13573,	19274,	32847
558,	34.53,	7060,	13602,	19251,	32853
559,	34.52,	7063,	13608,	19250,	32858
560,	34.55,	7055,	13596,	19255,	32851
561,	34.63,	7035,	13570,	19274,	32844
562,	34.69,	7021,	13557,	19293,	32850
563,	34.71,	7015,	13554,	19305,	32859
564,	34.79,	6997,	13534,	19327,	32861
565,	34.80,	6993,	13525,	19325,	32850
566,	34.84,	6984,	13522,	19347,	32869
567,	34.83,	6985,	13517,	19335,	32852
568,	34.79,	6995,	13527,	19324,	32851
569,	34.85,	6981,	13502,	19325,	32827
570,	34.83,	6986,	13517,	19333,	32850
571,	34.82,	6989,	13522,	19332,	32854
572,	34.79,	6997,	13531,	19322,	32853
573,	34.78,	6998,	13528,	19316,	32844
574,	34.71,	7017,	13554,	19301,	32855
575,	34.69,	7020,	13567,	19312,	32879
576,	34.76,	7004,	13540,	19317,	32857
577,	34.83,	6987,	13519,	19333,	32852
578,	34.82,	6988,	13514,	19323,	32837
579,	34.86,	6979,	13507,	19337,	32844
580,	34.90,	6968,	13496,	19354,	32850
581,	34.97,	6951,	13478,	19375,	32853
582,	35.01,	6942,	13464,	19380,	32844
583,	35.06,	6929,	13453,	19399,	32852
584,	35.09,	6921,	13438,	19402,	32840
585,	35.10,	6920,	13444,	19411,	32855
586,	35.09,	6921,	13438,	19401,	32839
587,	35.07,	6927,	13438,	19385,	32823
588,	35.12,	6914,	13435,	19416,	32851
589,	35.15,	6906,	13424,	19424,	32848
590,	35.17,	6902,	13419,	19428,	32847
591,	35.22,	6890,	13413,	19453,	32866
592,	35.21,	6893,	13411,	19441,	32852
593,	35.22,	6890,	13411,	19449,	32860
594,	35.21,	6892,	13421,	19458,	32879
595,	35.25,	6883,	13390,	19438,	32828
596,	35.22,	6891,	13409,	19444,	32853
597,	35.20,	6894,	13414,	19441,	32855
598,	35.18,	6900,	13429,	19446,	32875
599,	35.15,	6906,	13422,	19419,	32841
600,	35.04,	6935,	13448,	19375,	32823
601,	34.99,	6946,	13481,	19393,	32874
602,	34.95,	6956,	13482,	19367,	32849
603,	34.94,	6958,	13483,	19362,	32845
604,	34.94,	6958,	13479,	19357,	32836
605,	34.94,	6959,	13476,	19350,	32826
606,	34.94,	6959,	13497,	19379,	32876
607,	35.00,	6943,	13464,	19377,	32841
608,	35.00,	6945,	13457,	19360,	32817
609,	34.96,	6953,	13477,	19368,	32845
610,	35.03,	6937,	13454,	19379,	32833
611,	34.99,	6947,	13466,	19369,	32835
612,	34.99,	6947,	13468,	19370,	32838
613,	34.97,	6952,	13474,	19365,	32839
614,	34.93,	6961,	13491,	19365,	32856
615,	34.94,	6958,	13485,	19366,	32851
616,	34.94,	6959,	13487,	19365,	32852
617,	34.92,	6965,	13491,	19354,	32845
618,	34.88,	6974,	13498,	19340,	32838
619,	34.89,	6972,	13504,	19353,	32857
620,	34.84,	6983,	13514,	19336,	32850
621,	34.86,	6978,	13506,	19340,	32846
622,	34.82,	6989,	13514,	19320,	32834
623,	34.81,	6992,	13523,	19325,	32848
624,	34.79,	6995,	13525,	19320,	32845
625,	34.92,	6963,	13491,	19359,	32850
626,	34.98,	6950,	13483,	19385,	32868
627,	35.00,	6945,	13459,	19365,	32824
628,	35.09,	6922,	13442,	19404,	32846
629,	35.13,	6912,	13436,	19423,	32859
630,	35.26,	6880,	13401,	19463,	32864
631,	35.27,	6877,	13402,	19472,	32874
632,	35.25,	6883,	13403,	19456,	32859
633,	35.26,	6881,	13402,	19460,	32862
634,	35.27,	6878,	13409,	19479,	32888
635,	35.35,	6859,	13378,	19489,	32867
636,	35.45,	6835,	13350,	19517,	32867
637,	35.54,	6812,	13315,	19532,	32847
638,	35.67,	6781,	13281,	19569,	32850
639,	35.75,	6763,	13264,	19597,	32861
640,	35.76,	6759,	13244,	19579,	32823
641,	35.68,	6779,	13274,	19565,	32839
642,	35.59,	6800,	13313,	19561,	32874
643,	35.54,	6813,	13324,	19540,	32864
644,	35.38,	6852,	13367,	19493,	32860
645,	35.31,	6868,	13391,	19481,	32872
646,	35.22,	6891,	13424,	19464,	32888
647,	35.20,	6894,	13414,	19443,	32857
648,	35.20,	6896,	13417,	19442,	32859
649,	35.20,	6896,	13413,	19436,	32849
650,	35.21,	6892,	13416,	19450,	32866
651,	35.27,	6879,	13398,	19460,	32858
652,	35.29,	6873,	13401,	19483,	32884
653,	35.28,	6875,	13393,	19466,	32859
654,	35.18,	6899,	13417,	19431,	32848
655,	35.15,	6906,	13424,	19422,	32846
656,	35.13,	6913,	13436,	19420,	32856
657,	35.09,	6921,	13446,	19412,	32858
658,	35.17,	6903,	13425,	19432,	32857
659,	35.18,	6899,	13419,	19436,	32855
660,	35.14,	6909,	13431,	19423,	32854
661,	35.18,	6901,	13423,	19434,	32857
662,	35.23,	6887,	13410,	19457,	32867
663,	35.34,	6860,	13384,	19494,	32878
664,	35.38,	6850,	13369,	19500,	32869
665,	35.39,	6848,	13368,	19505,	32873
666,	35.34,	6861,	13381,	19487,	32868
667,	35.34,	6861,	13378,	19482,	32860
668,	35.40,	6846,	13364,	19505,	32869
669,	35.40,	6847,	13364,	19503,	32867
670,	35.48,	6826,	13342,	19530,	32872
671,	35.48,	6828,	13344,	19526,	32870
672,	35.50,	6823,	13331,	19524,	32855
673,	35.50,	6822,	13339,	19536,	32875
674,	35.52,	6818,	13330,	19536,	32866
675,	35.45,	6833,	13352,	19526,	32878
676,	35.46,	6831,	13345,	19520,	32865
677,	35.46,	6831,	13344,	19519,	32863
678,	35.41,	6844,	13359,	19503,	32862
679,	35.43,	6839,	13349,	19502,	32851
680,	35.43,	6840,	13352,	19506,	32858
681,	35.38,	6851,	13368,	19498,	32866
682,	35.39,	6848,	13361,	19495,	32856
683,	35.36,	6856,	13373,	19489,	32862
684,	35.29,	6874,	13389,	19462,	32851
685,	35.36,	6855,	13378,	19501,	32879
686,	35.37,	6853,	13372,	19497,	32869
687,	35.32,	6866,	13387,	19483,	32870
688,	35.37,	6854,	13371,	19492,	32863
689,	35.39,	6849,	13367,	19501,	32868
690,	35.38,	6852,	13375,	19503,	32878
691,	35.36,	6856,	13374,	19492,	32866
692,	35.30,	6871,	13394,	19477,	32871
693,	35.38,	6850,	13374,	19508,	32882
694,	35.41,	6843,	13363,	19512,	32875
695,	35.38,	6852,	13360,	19482,	32842
696,	35.36,	6855,	13373,	19494,	32867
697,	35.34,	6860,	13381,	19491,	32872
698,	35.31,	6868,	13388,	19477,	32865
699,	35.34,	6861,	13383,	19490,	32873
700,	35.33,	6863,	13381,	19482,	32863
701,	35.36,	6857,	13389,	19509,	32898
702,	35.33,	6864,	13387,	19489,	32876
703,	35.41,	6843,	13358,	19506,	32864
704,	35.50,	6823,	13330,	19520,	32850
705,	35.55,	6810,	13315,	19536,	32851
706,	35.57,	6806,	13320,	19554,	32874
707,	35.59,	6801,	13307,	19550,	32857
708,	35.60,	6798,	13301,	19549,	32850
709,	35.57,	6805,	13315,	19552,	32867
710,	35.57,	6804,	13322,	19564,	32886
711,	35.61,	6795,	13292,	19545,	32837
712,	35.60,	6797,	13300,	19552,	32852
713,	35.65,	6787,	13284,	19558,	32842
714,	35.67,	6780,	13278,	19567,	32845
715,	35.67,	6781,	13276,	19564,	32840
716,	35.67,	6782,	13280,	19567,	32847
717,	35.62,	6793,	13301,	19564,	32865
718,	35.65,	6785,	13289,	19570,	32859
719,	35.67,	6782,	13294,	19585,	32879
720,	35.76,	6760,	13253,	19588,	32841
721,	35.77,	6756,	13243,	19585,	32828
722,	35.73,	6766,	13257,	19579,	32836
723,	35.72,	6770,	13285,	19609,	32894
724,	35.70,	6774,	13273,	19577,	32850
725,	35.68,	6778,	13276,	19572,	32848
726,	35.71,	6771,	13266,	19576,	32842
727,	35.72,	6769,	13262,	19577,	32839
728,	35.68,	6778,	13275,	19570,	32845
729,	35.71,	6772,	13271,	19580,	32851
730,	35.76,	6760,	13253,	19590,	32843
731,	35.83,	6742,	13233,	19611,	32844
732,	35.85,	6739,	13228,	19612,	32840
733,	35.86,	6735,	13219,	19611,	32830
734,	35.88,	6730,	13221,	19628,	32849
735,	35.83,	6742,	13236,	19616,	32852
736,	35.88,	6730,	13221,	19628,	32849
737,	35.81,	6748,	13242,	19608,	32850
738,	35.76,	6759,	13259,	19602,	32861
739,	35.76,	6759,	13260,	19602,	32862
740,	35.76,	6760,	13261,	19601,	32862
741,	35.77,	6758,	13250,	19591,	32841
742,	35.80,	6750,	13237,	19596,	32833
743,	35.78,	6755,	13248,	19597,	32845
744,	35.75,	6761,	13265,	19604,	32869
745,	35.80,	6750,	13245,	19607,	32852
746,	35.87,	6734,	13224,	19623,	32847
747,	35.77,	6756,	13247,	19592,	32839
748,	35.74,	6764,	13259,	19587,	32846
749,	35.82,	6745,	13237,	19610,	32847
750,	35.91,	6724,	13212,	19632,	32844
751,	35.86,	6736,	13235,	19633,	32868
752,	35.88,	6732,	13221,	19623,	32844
753,	35.77,	6756,	13244,	19589,	32833
754,	35.75,	6761,	13253,	19587,	32840
755,	35.73,	6766,	13260,	19583,	32843
756,	35.65,	6787,	13273,	19540,	32813
757,	35.70,	6774,	13270,	19574,	32844
758,	35.72,	6770,	13280,	19600,	32880
759,	35.79,	6752,	13242,	19595,	32837
760,	35.75,	6761,	13260,	19598,	32858
761,	35.75,	6763,	13259,	19590,	32849
762,	35.71,	6772,	13275,	19586,	32861
763,	35.68,	6779,	13278,	19572,	32850
764,	35.70,	6774,	13272,	19577,	32849
765,	35.72,	6770,	13274,	19590,	32864
766,	35.83,	6742,	13231,	19610,	32841
767,	35.93,	6719,	13204,	19635,	32839
768,	35.92,	6722,	13211,	19639,	32850
769,	35.89,	6729,	13215,	19622,	32837
770,	35.79,	6753,	13251,	19607,	32858
771,	35.86,	6735,	13219,	19611,	32830
772,	35.94,	6716,	13203,	19644,	32847
773,	35.90,	6725,	13219,	19642,	32861
774,	35.92,	6722,	13208,	19634,	32842
775,	35.90,	6727,	13213,	19626,	32839
776,	35.96,	6713,	13196,	19642,	32838
777,	35.91,	6723,	13212,	19636,	32848
778,	35.84,	6740,	13236,	19623,	32859
779,	35.90,	6727,	13218,	19632,	32850
780,	35.92,	6721,	13208,	19635,	32843
781,	35.92,	6721,	13211,	19640,	32851
782,	35.90,	6726,	13223,	19644,	32867
783,	35.92,	6721,	13199,	19624,	32823
784,	36.02,	6697,	13181,	19666,	32847
785,	36.07,	6686,	13169,	19682,	32851
786,	36.09,	6680,	13159,	19684,	32843
787,	36.11,	6677,	13159,	19692,	32851
788,	36.10,	6679,	13159,	19687,	32846
789,	36.12,	6673,	13152,	19694,	32846
790,	36.08,	6683,	13165,	19683,	32848
791,	36.08,	6684,	13161,	19676,	32837
792,	35.97,	6709,	13190,	19645,	32835
793,	35.98,	6708,	13191,	19648,	32839
794,	35.93,	6720,	13199,	19625,	32824
795,	35.89,	6728,	13216,	19628,	32844
796,	35.89,	6728,	13213,	19624,	32837
797,	35.93,	6720,	13210,	19642,	32852
798,	35.98,	6707,	13188,	19648,	32836
799,	35.94,	6717,	13207,	19646,	32853
800,	35.84,	6740,	13231,	19615,	32846
801,	35.71,	6771,	13270,	19582,	32852
802,	35.62,	6794,	13299,	19559,	32858
803,	35.57,	6805,	13315,	19552,	32867
804,	35.58,	6802,	13305,	19545,	32850
805,	35.61,	6795,	13293,	19548,	32841
806,	35.65,	6786,	13291,	19570,	32861
807,	35.65,	6785,	13282,	19560,	32842
808,	35.65,	6785,	13285,	19564,	32849
809,	35.65,	6786,	13284,	19561,	32845
810,	35.69,	6776,	13276,	19577,	32853
811,	35.72,	6768,	13254,	19567,	32821
812,	35.73,	6767,	13260,	19580,	32840
813,	35.73,	6767,	13256,	19574,	32830
814,	35.82,	6746,	13238,	19607,	32845
815,	35.80,	6749,	13244,	19609,	32853
816,	35.76,	6759,	13252,	19590,	32842
817,	35.70,	6775,	13275,	19577,	32852
818,	35.68,	6779,	13277,	19570,	32847
819,	35.66,	6784,	13281,	19561,	32842
820,	35.72,	6770,	13267,	19581,	32848
821,	35.68,	6778,	13268,	19559,	32827
822,	35.63,	6790,	13289,	19555,	32844
823,	35.58,	6802,	13303,	19543,	32846
824,	35.61,	6796,	13293,	19545,	32838
825,	35.55,	6809,	13313,	19535,	32848
826,	35.65,	6786,	13290,	19570,	32860
827,	35.69,	6777,	13277,	19577,	32854
828,	35.72,	6770,	13268,	19582,	32850
829,	35.77,	6758,	13252,	19595,	32847
830,	35.82,	6746,	13246,	19619,	32865
831,	35.86,	6735,	13223,	19617,	32840
832,	35.90,	6727,	13221,	19639,	32860
833,	35.90,	6727,	13216,	19630,	32846
834,	35.88,	6732,	13217,	19616,	32833
835,	35.94,	6716,	13203,	19642,	32845
836,	35.98,	6708,	13195,	19654,	32849
837,	35.95,	6715,	13210,	19656,	32866
838,	35.92,	6721,	13215,	19647,	32862
839,	35.99,	6705,	13197,	19667,	32864
840,	35.96,	6712,	13203,	19655,	32858
841,	35.98,	6706,	13190,	19652,	32842
842,	36.02,	6698,	13181,	19663,	32844
843,	36.07,	6685,	13163,	19676,	32839
844,	36.07,	6687,	13169,	19678,	32847
845,	36.01,	6700,	13185,	19662,	32847
846,	36.02,	6697,	13176,	19658,	32834
847,	36.02,	6698,	13177,	19657,	32834
848,	35.99,	6705,	13183,	19645,	32828
849,	35.94,	6716,	13199,	19637,	32836
850,	35.90,	6725,	13214,	19633,	32847
851,	35.89,	6728,	13223,	19638,	32861
852,	35.89,	6729,	13214,	19621,	32835
853,	35.96,	6712,	13200,	19651,	32851
854,	35.97,	6710,	13197,	19651,	32848
855,	35.98,	6706,	13196,	19663,	32859
856,	36.03,	6695,	13176,	19666,	32842
857,	35.97,	6709,	13193,	19650,	32843
858,	35.90,	6726,	13213,	19630,	32843
859,	35.89,	6729,	13217,	19627,	32844
860,	35.92,	6722,	13208,	19633,	32841
861,	35.86,	6736,	13227,	19621,	32848
862,	35.86,	6735,	13226,	19623,	32849
863,	35.80,	6749,	13237,	19598,	32835
864,	35.76,	6759,	13259,	19600,	32859
865,	35.70,	6774,	13271,	19576,	32847
866,	35.65,	6787,	13297,	19577,	32874
867,	35.68,	6779,	13280,	19573,	32853
868,	35.65,	6787,	13284,	19558,	32842
869,	35.63,	6790,	13292,	19560,	32852
870,	35.63,	6790,	13288,	19554,	32842
871,	35.69,	6776,	13275,	19576,	32851
872,	35.73,	6766,	13263,	19588,	32851
873,	35.81,	6748,	13233,	19596,	32829
874,	35.79,	6752,	13235,	19586,	32821
875,	35.80,	6751,	13239,	19595,	32834
876,	35.86,	6735,	13224,	19620,	32844
877,	35.91,	6723,	13211,	19635,	32846
878,	36.00,	6702,	13180,	19649,	32829
879,	36.04,	6692,	13172,	19667,	32839
880,	36.02,	6697,	13183,	19669,	32852
881,	36.07,	6685,	13166,	19680,	32846
882,	36.12,	6675,	13149,	19684,	32833
883,	36.18,	6659,	13134,	19707,	32841
884,	36.21,	6652,	13125,	19715,	32840
885,	36.19,	6658,	13129,	19703,	32832
886,	36.18,	6659,	13138,	19713,	32851
887,	36.12,	6673,	13154,	19696,	32850
888,	36.12,	6673,	13145,	19684,	32829
889,	36.09,	6680,	13160,	19684,	32844
890,	36.02,	6697,	13183,	19669,	32852
891,	36.01,	6699,	13184,	19665,	32849
892,	36.01,	6700,	13175,	19648,	32823
893,	36.03,	6696,	13181,	19668,	32849
894,	35.99,	6705,	13198,	19669,	32867
895,	36.01,	6701,	13174,	19645,	32819
896,	36.05,	6690,	13175,	19678,	32853
897,	36.09,	6680,	13157,	19680,	32837
898,	36.20,	6655,	13124,	19706,	32830
899,	36.18,	6661,	13128,	19693,	32821
900,	36.15,	6667,	13145,	19701,	32846
901,	36.07,	6685,	13162,	19674,	32836
902,	36.04,	6692,	13178,	19677,	32855
903,	35.90,	6725,	13217,	19638,	32855
904,	35.96,	6713,	13196,	19641,	32837
905,	35.92,	6722,	13210,	19636,	32846
906,	35.96,	6711,	13199,	19652,	32851
907,	35.94,	6717,	13192,	19625,	32817
908,	35.90,	6727,	13222,	19639,	32861
909,	35.80,	6749,	13239,	19601,	32840
910,	35.70,	6775,	13279,	19585,	32864
911,	35.73,	6767,	13263,	19585,	32848
912,	35.83,	6743,	13237,	19615,	32852
913,	35.89,	6729,	13218,	19628,	32846
914,	35.93,	6720,	13211,	19644,	32855
915,	35.97,	6709,	13194,	19651,	32845
916,	36.02,	6698,	13174,	19654,	32828
917,	36.08,	6683,	13163,	19680,	32843
918,	36.08,	6684,	13166,	19681,	32847
919,	36.10,	6678,	13157,	19685,	32842
920,	36.11,	6676,	13156,	19692,	32848
921,	36.09,	6680,	13160,	19686,	32846
922,	36.01,	6700,	13179,	19655,	32834
923,	36.00,	6702,	13184,	19656,	32840
924,	35.98,	6707,	13191,	19653,	32844
925,	35.96,	6713,	13193,	19636,	32829
926,	35.83,	6743,	13234,	19610,	32844
927,	35.72,	6769,	13268,	19584,	32852
928,	35.60,	6799,	13304,	19552,	32856
929,	35.50,	6821,	13333,	19531,	32864
930,	35.43,	6838,	13354,	19514,	32868
931,	35.33,	6864,	13390,	19493,	32883
932,	35.17,	6903,	13427,	19436,	32863
933,	35.02,	6938,	13463,	19390,	32853
934,	34.95,	6956,	13482,	19366,	32848
935,	34.87,	6975,	13494,	19331,	32825
936,	34.88,	6974,	13505,	19348,	32853
937,	34.81,	6992,	13525,	19329,	32854
938,	34.72,	7014,	13549,	19303,	32852
939,	34.65,	7031,	13569,	19284,	32853
940,	34.53,	7061,	13610,	19259,	32869
941,	34.53,	7060,	13604,	19253,	32857
942,	34.50,	7069,	13614,	19243,	32857
943,	34.46,	7079,	13618,	19222,	32840
944,	34.40,	7093,	13639,	19213,	32852
945,	34.38,	7100,	13647,	19205,	32852
946,	34.35,	7106,	13654,	19199,	32853
947,	34.34,	7108,	13657,	19198,	32855
948,	34.32,	7113,	13662,	19191,	32853
949,	34.28,	7124,	13674,	19180,	32854
950,	34.25,	7132,	13685,	19172,	32857
951,	34.23,	7138,	13688,	19160,	32848
952,	34.17,	7151,	13705,	19150,	32855
953,	34.12,	7165,	13721,	19134,	32855
954,	34.05,	7183,	13742,	19116,	32858
955,	33.96,	7205,	13767,	19092,	32859
956,	33.86,	7232,	13800,	19067,	32867
957,	33.80,	7248,	13811,	19040,	32851
958,	33.71,	7271,	13842,	19022,	32864
959,	33.69,	7277,	13842,	19006,	32848
960,	33.66,	7283,	13848,	18998,	32846
961,	33.62,	7293,	13864,	18994,	32858
962,	33.61,	7298,	13867,	18987,	32854
963,	33.61,	7296,	13869,	18993,	32862
964,	33.61,	7297,	13869,	18990,	32859
965,	33.58,	7304,	13874,	18980,	32854
966,	33.51,	7322,	13895,	18961,	32856
967,	33.42,	7347,	13916,	18926,	32842
968,	33.32,	7374,	13942,	18893,	32835
969,	33.24,	7395,	13974,	18882,	32856
970,	33.22,	7399,	13975,	18873,	32848
971,	33.16,	7415,	13997,	18862,	32859
972,	33.16,	7415,	13996,	18860,	32856
973,	33.18,	7409,	13986,	18863,	32849
974,	33.16,	7416,	13997,	18860,	32857
975,	33.12,	7427,	14008,	18846,	32854
976,	33.08,	7437,	14024,	18842,	32866
977,	33.05,	7444,	14036,	18840,	32876
978,	32.95,	7472,	14058,	18798,	32856
979,	32.91,	7482,	14070,	18789,	32859
980,	32.87,	7493,	14082,	18778,	32860
981,	32.84,	7502,	14089,	18766,	32855
982,	32.76,	7523,	14118,	18751,	32869
983,	32.71,	7537,	14129,	18730,	32859
984,	32.68,	7543,	14137,	18727,	32864
985,	32.68,	7545,	14138,	18723,	32861
986,	32.66,	7550,	14143,	18718,	32861
987,	32.62,	7561,	14161,	18714,	32875
988,	32.55,	7580,	14175,	18685,	32860
989,	32.52,	7589,	14193,	18687,	32880
990,	32.46,	7605,	14206,	18664,	32870
991,	32.40,	7620,	14222,	18650,	32872
992,	32.35,	7633,	14228,	18625,	32853
993,	32.29,	7652,	14253,	18612,	32865
994,	32.26,	7660,	14258,	18599,	32857
995,	32.23,	7667,	14266,	18592,	32858
996,	32.22,	7669,	14269,	18592,	32861
997,	32.17,	7685,	14288,	18578,	32866
998,	32.12,	7698,	14303,	18565,	32868
999,	32.02,	7726,	14333,	18536,	32869
1000,	31.95,	7744,	14349,	18514,	32863
1001,	31.91,	7757,	14365,	18503,	32868
1002,	31.83,	7778,	14394,	18491,	32885
1003,	31.83,	7780,	14388,	18478,	32866
1004,	31.82,	7782,	14393,	18481,	32874
1005,	31.75,	7800,	14415,	18465,	32880
1006,	31.74,	7803,	14423,	18470,	32893
1007,	31.67,	7823,	14441,	18446,	32887
1008,	31.59,	7847,	14457,	18410,	32867
1009,	31.62,	7839,	14449,	18417,	32866
1010,	31.57,	7852,	14463,	18405,	32868
1011,	31.52,	7866,	14473,	18385,	32858
1012,	31.49,	7875,	14489,	18383,	32872
1013,	31.47,	7880,	14492,	18375,	32867
1014,	31.47,	7881,	14495,	18378,	32873
1015,	31.43,	7892,	14507,	18368,	32875
1016,	31.42,	7894,	14508,	18363,	32871
1017,	31.34,	7918,	14530,	18337,	32867
1018,	31.28,	7935,	14545,	18315,	32860
1019,	31.22,	7952,	14563,	18298,	32861
1020,	31.13,	7977,	14596,	18284,	32880
1021,	31.07,	7995,	14617,	18267,	32884
1022,	31.04,	8003,	14618,	18252,	32870
1023,	30.99,	8019,	14633,	18233,	32866
1024,	30.93,	8036,	14654,	18220,	32874
1025,	30.92,	8038,	14656,	18219,	32875
1026,	30.93,	8035,	14647,	18215,	32862
1027,	30.95,	8030,	14644,	18221,	32865
1028,	30.95,	8030,	14645,	18223,	32868
1029,	30.88,	8052,	14671,	18205,	32876
1030,	30.82,	8069,	14687,	18187,	32874
1031,	30.77,	8082,	14695,	18168,	32863
1032,	30.70,	8103,	14715,	18146,	32861
1033,	30.68,	8110,	14729,	18146,	32875
